日期,事项,花费
7月1日,充话费,48
7月1日,充话费,47.5
7月1日,吃中饭,12.25
7月1日,还助学贷款,400
7月1日,交房租,567.5
7月2日,吃中饭,11.6
7月2日,还助学贷款,350
7月2日,吃晚饭,11.99
7月2日,买西瓜,7.8
7月3日,中饭,11.08
7月3日,买体彩,210
7月3日,吃晚饭,11.14
7月4日,吃中饭,14.48
7月4日,买体彩,8
7月4日,外卖小哥不爬楼,-3
7月5日,吃中饭,35.14
7月5日,去社康做b超单,28.25
7月5日,去社康做三伏贴,62.28
7月5日,吃晚饭,16.4
7月5日,买水和辣条,6
7月5日,买西瓜,10
7月6日,吃晚饭,11.96
7月7日,吃中饭,7.05
7月7日,借钱给欧阳,100
7月8日,吃中饭,11.25
7月9日,吃中饭,11.96
7月9日,吃晚饭,12
7月10日,吃中饭,11.25
7月10日,充话费,0.83
7月10日,吃晚饭,11.79
7月11日,充地铁费,40
7月11日,华侨城园博园兼职aa吃饭,100
7月12日,中英街买东西,90.31
7月12日,打车去中英街,37.39
7月13日,吃中饭,12.45
7月13日,还助学贷款,163
7月13日,吃晚饭,11.96
7月13日,买鼻夹,7
7月14日,吃中饭,12.45
7月14日,吃晚饭,11.96
7月14日,还助学贷款,485
7月15日,吃中饭,12.45
7月15日,还助学贷款,1940.91
7月15日,花呗还款,749.17
7月15日,发工资,-7921.95
7月16日,吃中饭,12.6
7月17日,吃中饭,11.88
7月17日,社康看病,13.52
7月17日,吃晚饭,220
7月17日,充地铁费,20
7月18日,买辣条,9
7月18日,去广州车票,11.8
7月18日,做地铁,8.96
7月18日,买射箭体验票,21.35
7月19日,买回深圳车票,35
7月19日,手机送回费,150
7月19日,吃晚饭,202
7月19日,做地铁,1
7月20日,吃晚饭,11.96
7月20日,吃宵夜,35.98
7月20日,给汤汤转账,500
7月21日,吃中饭,22.88
7月21日,吃晚饭,11.99
7月21日,去社康,18.9
7月22日,吃晚饭,11.9
7月22日,给卤蛋转钱,102.9
7月23日,吃中饭,11.96
7月23日,吃晚饭,12
7月24日,去社康,76.85
7月24日,保险报销,-6.1
7月24日,吃中饭,11.18
7月24日,吃晚饭,11.96
7月25日,清远笔架山兼职,-250
7月25日,欧阳还钱,-300
7月25日,吃西瓜,30
7月25日,吃螺狮粉,19
7月25日,吃冰棒,10.2
7月26日,吃晚饭,71.68
7月27日,吃中饭,11.96
7月27日,丰巢快递柜,0.5
7月27日,买西瓜,5.6
7月27日,吃晚饭,195.9
7月27日,买衣服,39
7月27日,电驴充电,1.91
7月28日,吃中饭,11.85
7月28日,电驴充电,2.85
7月28日,买柔顺剂,35.77
7月28日,借给欧阳,200
7月28日,咸鱼买书,11.4
7月29日,去社康做检查,410
7月29日,借老妹钱,5280
7月30日,电驴充电,2.85
7月31日,吃中饭,11.79
7月31日,电驴充电,1.44
7月31日,借老妹,5280
7月31日,发奖金,-888.97
7月31日,交下月房租,652
7月31日,补室友6月房租,521
